datapoint,Year,Zipcode,Total Population,White Population,Black Population,Employed Count,Unemployed Count,Poverty Count,Poverty Count - White,Poverty Count - Black,Median Income,Median Rent,Median Home Value,County,Adjusted Median Income,Adjusted Median Rent,Adjusted Median Home Value,% Black Population,% White Population,% Unemployed,% Black Poverty,% White Poverty
920,2011,48809,11307,10592,29,4849.0,708.0,2282.0,1841.0,3.0,47920.0,499.0,116200.0,Kent,62345.9142256345,649.2197662477382,151181.03574746932,0.2564782877863271,93.67648359423366,6.261607853542054,0.13146362839614373,80.67484662576688
921,2019,48809,10728,10286,4,4962.0,312.0,1513.0,1408.0,0.0,52592.0,545.0,120600.0,Kent,60202.9741411344,623.8709481844814,138052.91073586876,0.03728560775540641,95.8799403430276,2.9082774049217,0.0,93.0601454064772
922,2015,48809,10690,9996,20,4784.0,613.0,1998.0,1884.0,3.0,45888.0,491.0,94200.0,Kent,56659.87097971875,606.2586438947417,116312.75815658792,0.18709073900841908,93.50795135640786,5.734331150608045,0.15015015015015015,94.29429429429429
923,2017,48809,10690,10298,43,4897.0,377.0,1616.0,1571.0,21.0,47132.0,519.0,103200.0,Kent,56272.09309725848,619.6472952023498,123213.10378590076,0.402245088868101,96.333021515435,3.5266604303087,1.2995049504950495,97.21534653465346
924,2018,48809,10789,10393,21,5074.0,280.0,1406.0,1367.0,1.0,51018.0,544.0,112500.0,Kent,59459.40491503622,634.0098842326179,131114.1764267822,0.19464269163036427,96.32959495782741,2.595235888404857,0.07112375533428165,97.226173541963
925,2016,48809,10861,10260,20,4721.0,483.0,1899.0,1772.0,1.0,45327.0,507.0,98000.0,Kent,55269.94289749882,618.2156562100272,119497.3063285654,0.1841451063437989,94.46643955436885,4.447104318202744,0.0526592943654555,93.31226961558716
926,2013,48809,10848,10248,41,4553.0,716.0,2249.0,1985.0,2.0,44533.0,473.0,97000.0,Kent,55945.110535420696,594.2118717188149,121857.40286834048,0.3779498525073746,94.46902654867256,6.600294985250738,0.08892841262783459,88.26144953312584
927,2012,48809,11041,10609,35,4713.0,828.0,2179.0,1943.0,3.0,47733.0,450.0,102900.0,Kent,60843.49379774733,573.598395428452,131162.83308797266,0.3170002717145186,96.0873109319808,7.49932071370347,0.13767783386874713,89.16934373565856
928,2014,48809,10715,10104,60,4595.0,605.0,1958.0,1711.0,4.0,45630.0,511.0,93900.0,Kent,56408.18316605839,631.7024237969721,116079.95615369016,0.5599626691553896,94.29771348576762,5.646290247316846,0.20429009193054137,87.38508682328907
929,2020,48809,11090,10600,4,5396.0,279.0,1169.0,1057.0,0.0,57276.0,634.0,137100.0,Kent,64765.82440468141,716.9064297885329,155028.1885236717,0.03606853020739405,95.58160504959423,2.515779981965735,0.0,90.41916167664671
940,2014,48838,17909,17146,38,6659.0,809.0,3628.0,3322.0,28.0,41453.0,625.0,106800.0,Kent,51244.54124003108,772.630166092187,132027.04278183292,0.2121838181919705,95.7395722820928,4.517281813613267,0.7717750826901874,91.56560088202866
941,2020,48838,17573,16853,81,8429.0,380.0,2016.0,1833.0,16.0,52861.0,626.0,137300.0,Kent,59773.4870426682,707.8602918732201,155254.3419715545,0.4609343879815626,95.90280544016389,2.162408239913504,0.7936507936507936,90.92261904761905
942,2013,48838,17928,17197,16,6710.0,912.0,3751.0,3536.0,16.0,40731.0,551.0,108200.0,Kent,51168.802847735846,692.2002987675837,135927.5359830355,0.0892458723784025,95.92257920571173,5.087014725568943,0.4265529192215409,94.26819514796054
943,2018,48838,18301,17616,104,8662.0,378.0,2783.0,2527.0,22.0,48094.0,601.0,123400.0,Kent,56051.60178728589,700.4410669555208,143817.68329835488,0.5682749576525873,96.25703513469209,2.06546090377575,0.7905138339920948,90.80129356809199
944,2012,48838,17774,17055,15,6988.0,1025.0,3874.0,3734.0,6.0,39486.0,530.0,110100.0,Kent,50331.34720419523,675.5714435046212,140340.4074148279,0.0843929334983684,95.95476538764487,5.7668504557218405,0.15487867836861124,96.38616417139907
945,2017,48838,18130,17548,40,7913.0,470.0,3358.0,3052.0,23.0,46110.0,605.0,118100.0,Kent,55051.901313642295,722.3248816906005,141002.59260770236,0.2206287920573635,96.78985107556535,2.592388306674021,0.684931506849315,90.88743299583085
946,2019,48838,18376,17647,87,8914.0,298.0,2827.0,2567.0,12.0,48121.0,575.0,127300.0,Kent,55084.94293134942,658.2124682680309,145722.51688786148,0.4734436221158032,96.03286895951241,1.6216804527644755,0.4244782454899187,90.80297134771843
947,2015,48838,17925,17188,28,7090.0,720.0,3817.0,3504.0,14.0,42083.0,624.0,102900.0,Kent,51961.6751751984,770.4794170882257,127055.01926022184,0.15620641562064155,95.88842398884239,4.01673640167364,0.36678019386953103,91.79984280848834
948,2016,48838,18016,17339,26,7638.0,566.0,3670.0,3374.0,15.0,45034.0,586.0,111000.0,Kent,54912.67033878178,714.5451174340748,135348.9898211302,0.14431616341030196,96.24222912966253,3.1416518650088805,0.4087193460490463,91.93460490463215
949,2011,48838,17870,17116,50,7050.0,1052.0,3911.0,3747.0,7.0,39598.0,523.0,115700.0,Kent,51518.64589955499,680.4447650251846,150530.51493960584,0.27979854504756574,95.78063794068271,5.886961387800784,0.17898235745333674,95.8066990539504
960,2018,49301,20382,18778,278,10166.0,178.0,865.0,748.0,2.0,127342.0,1204.0,358900.0,Kent,148411.92404034932,1403.2130526030735,418283.3592850856,1.3639485820822295,92.13031105877735,0.8733195957217152,0.23121387283236997,86.47398843930635
961,2017,49301,19998,18737,225,9730.0,310.0,870.0,766.0,1.0,120775.0,1231.0,332900.0,Kent,144196.34311765665,1469.7221972911227,397457.7737434725,1.125112511251125,93.69436943694369,1.5501550155015502,0.11494252873563218,88.04597701149424
962,2012,49301,18990,18175,135,9218.0,498.0,524.0,472.0,16.0,115274.0,997.0,279300.0,Kent,146935.51429915417,1270.839111649259,356013.4040959258,0.7109004739336493,95.70826750921537,2.6224328593996837,3.0534351145038165,90.07633587786259
963,2015,49301,19768,18655,103,9412.0,448.0,700.0,604.0,4.0,121413.0,1183.0,291300.0,Kent,149913.81004316144,1460.7005615630949,359680.53557339765,0.5210441116956698,94.36968838526913,2.26628895184136,0.5714285714285714,86.28571428571429
964,2016,49301,20101,18654,299,9725.0,391.0,817.0,711.0,3.0,125118.0,1167.0,311900.0,Kent,152563.91809405558,1422.9934335248554,380318.4677946892,1.4874881846674295,92.80135316650913,1.9451768568727923,0.36719706242350064,87.02570379436965
965,2011,49301,18371,17904,93,8853.0,463.0,499.0,440.0,15.0,109413.0,983.0,287500.0,Kent,142350.86630153062,1278.9239082595725,374049.4645214924,0.5062326492841979,97.45795002993849,2.5202765227804695,3.006012024048096,88.17635270541082
966,2014,49301,19549,18696,117,9695.0,417.0,617.0,583.0,4.0,121980.0,1149.0,287900.0,Kent,150792.68425587995,1420.4032973438766,355904.359708705,0.5984960867563558,95.63660545296435,2.133101437413678,0.6482982171799028,94.48946515397083
967,2013,49301,19366,18638,138,9445.0,509.0,364.0,326.0,15.0,118761.0,1168.0,275200.0,Kent,149194.91775306172,1467.3138819610483,345723.27081821964,0.7125890736342043,96.2408344521326,2.6283176701435504,4.1208791208791204,89.56043956043956
968,2019,49301,20302,18664,317,10346.0,201.0,523.0,403.0,6.0,132261.0,1271.0,370600.0,Kent,151401.4595923444,1454.935734206378,424232.2447654474,1.5614225199487737,91.93182937641612,0.9900502413555315,1.147227533460803,77.05544933078394
969,2020,49301,19922,18110,404,10546.0,101.0,397.0,366.0,9.0,143221.0,1156.0,386400.0,Kent,161949.61479612536,1307.1669287626878,436928.4613096043,2.027908844493525,90.90452765786567,0.5069772111233812,2.2670025188916876,92.19143576826197
970,2011,49302,7755,7626,0,3609.0,328.0,348.0,313.0,0.0,78049.0,751.0,221400.0,Kent,101544.99706587118,977.0822534109246,288050.61372194235,0.0,98.33655705996132,4.229529335912314,0.0,89.9425287356322
971,2014,49302,8507,8310,35,4016.0,256.0,512.0,505.0,7.0,78670.0,763.0,209500.0,Kent,97252.50426635575,943.226906765342,258985.63167410108,0.41142588456565177,97.68426002115905,3.0092864699659105,1.3671875,98.6328125
972,2018,49302,8875,8686,4,4396.0,124.0,220.0,220.0,0.0,86625.0,814.0,252900.0,Kent,100957.91584862227,948.6839076568951,294744.6686074064,0.04507042253521127,97.87042253521126,1.3971830985915492,0.0,100.0
973,2019,49302,8717,8468,4,4306.0,131.0,180.0,169.0,4.0,87598.0,649.0,266500.0,Kent,100274.94920929211,742.9215511407862,305067.1700755309,0.045887346564184923,97.14351267637949,1.5028105999770562,2.2222222222222223,93.88888888888889
974,2013,49302,8241,8018,30,3797.0,294.0,580.0,533.0,7.0,75616.0,780.0,208900.0,Kent,94993.498714355,979.8842704876864,262433.10782676627,0.3640334910811795,97.29401771629657,3.5675282125955587,1.206896551724138,91.89655172413794
975,2017,49302,8688,8448,34,4388.0,131.0,349.0,347.0,2.0,85632.0,740.0,241000.0,Kent,102238.22193211487,883.5048139686684,287736.0272519582,0.3913443830570903,97.23756906077348,1.5078268876611418,0.5730659025787965,99.42693409742121
976,2016,49302,8356,8178,34,4108.0,146.0,408.0,405.0,3.0,80197.0,632.0,226700.0,Kent,97789.03546563225,770.635689792381,276428.9729049569,0.40689325035902346,97.86979415988512,1.7472474868358068,0.7352941176470588,99.26470588235294
977,2020,49302,9216,8990,2,4543.0,201.0,171.0,161.0,2.0,96413.0,884.0,288100.0,Kent,109020.66185363063,999.5982396420554,325774.04167519923,0.021701388888888888,97.54774305555556,2.180989583333333,1.1695906432748537,94.15204678362574
978,2012,49302,7830,7678,6,3679.0,312.0,406.0,364.0,0.0,72402.0,744.0,214000.0,Kent,92288.15783513506,948.349347108374,272777.90360375267,0.07662835249042146,98.05874840357599,3.984674329501916,0.0,89.65517241379311
979,2015,49302,8332,8136,32,4098.0,199.0,606.0,603.0,3.0,76641.0,627.0,207000.0,Kent,94631.91186708125,774.183645054996,255591.72970715177,0.3840614498319731,97.64762361977917,2.3883821411425825,0.49504950495049505,99.5049504950495
980,2020,49306,10924,10206,70,5660.0,424.0,840.0,718.0,6.0,85469.0,443.0,253200.0,Kent,96645.54518548284,500.9298870604418,286310.26501964754,0.6407909190772612,93.42731600146466,3.8813621384108385,0.7142857142857143,85.47619047619047
981,2019,49306,10650,10056,32,5593.0,417.0,856.0,733.0,4.0,86901.0,505.0,234500.0,Kent,99477.08122601766,578.0822547397489,268436.2153197448,0.3004694835680751,94.42253521126761,3.915492957746479,0.46728971962616817,85.63084112149532
982,2013,49306,10450,9915,29,5099.0,378.0,573.0,555.0,9.0,76550.0,468.0,172200.0,Kent,96166.84731516974,587.9305622926119,216328.2966384354,0.27751196172248804,94.88038277511961,3.6172248803827753,1.5706806282722512,96.8586387434555
983,2014,49306,10045,9469,28,5024.0,312.0,598.0,567.0,18.0,69814.0,508.0,172400.0,Kent,86304.64386489592,627.9937989997296,213122.30501486885,0.2787456445993031,94.26580388252862,3.106022896963663,3.0100334448160537,94.81605351170569
984,2018,49306,10594,10104,26,5488.0,448.0,704.0,683.0,18.0,81279.0,542.0,214100.0,Kent,94727.3701848216,631.6789655405862,249524.8459819917,0.24542193694544082,95.37474041910515,4.228808759675288,2.556818181818182,97.01704545454545
985,2015,49306,10085,9520,26,5308.0,323.0,618.0,597.0,17.0,71633.0,519.0,174200.0,Kent,88448.32064788601,640.8314382512646,215092.17060379632,0.25780862667327714,94.39762022806147,3.202776400594943,2.750809061488673,96.60194174757282
986,2011,49306,10160,9651,35,4957.0,337.0,336.0,316.0,12.0,71528.0,722.0,183100.0,Kent,93060.90468971588,939.3520465548436,238220.71983960093,0.34448818897637795,94.99015748031496,3.316929133858268,3.571428571428571,94.04761904761905
987,2016,49306,10083,9661,17,5314.0,317.0,717.0,704.0,10.0,74571.0,511.0,177400.0,Kent,90928.91459415766,623.0930972846625,216314.51166007653,0.16860061489636022,95.81473767727859,3.143905583655658,1.394700139470014,98.18688981868898
988,2012,49306,10015,9602,29,4994.0,308.0,395.0,380.0,8.0,69985.0,719.0,174700.0,Kent,89207.2971201338,916.482769584571,222683.64373633452,0.28956565152271596,95.87618572141787,3.075386919620569,2.0253164556962027,96.20253164556962
989,2017,49306,10293,9673,22,5242.0,389.0,635.0,618.0,14.0,79306.0,523.0,194900.0,Kent,94685.44969810704,624.4229968994777,232696.06519255872,0.21373749149907703,93.9764888759351,3.7792674633245897,2.204724409448819,97.32283464566929
990,2019,49315,23283,21260,332,11899.0,266.0,768.0,618.0,0.0,82182.0,886.0,242500.0,Kent,94075.16011687533,1014.2195598008268,277593.9540086913,1.4259330842245415,91.31125714040287,1.1424644590473738,0.0,80.46875
991,2014,49315,20734,19613,166,10188.0,653.0,970.0,906.0,2.0,66325.0,752.0,182100.0,Kent,81991.51322570289,929.6286158421194,225113.5251926196,0.8006173434937783,94.59342143339443,3.149416417478538,0.2061855670103093,93.4020618556701
992,2015,49315,21046,19912,240,10456.0,639.0,962.0,918.0,2.0,69333.0,762.0,186800.0,Kent,85608.41254002877,940.8739035596602,230649.92806423164,1.140359213152143,94.61180271785612,3.0362064050175808,0.2079002079002079,95.42619542619542
993,2013,49315,20135,19144,125,9810.0,623.0,1325.0,1247.0,20.0,64696.0,716.0,178600.0,Kent,81275.1189275274,899.4835098322866,224368.3727039754,0.6208095356344674,95.07822200148995,3.0941147256021853,1.509433962264151,94.11320754716981
994,2017,49315,22617,21045,405,11238.0,484.0,971.0,833.0,4.0,71205.0,773.0,215800.0,Kent,85013.45983599868,922.9043529699736,257649.1065600522,1.7906884202148827,93.0494760578326,2.1399831984790203,0.4119464469618949,85.78784757981462
995,2016,49315,21996,20564,294,11186.0,486.0,1203.0,1035.0,3.0,70085.0,748.0,200000.0,Kent,85458.86442895414,912.0814809568052,243872.0537317661,1.336606655755592,93.48972540461902,2.20949263502455,0.24937655860349126,86.0349127182045
996,2012,49315,19552,18428,90,9493.0,595.0,1271.0,1201.0,21.0,64476.0,717.0,181600.0,Kent,82185.17809698859,913.9334433826668,231478.81913290411,0.46031096563011453,94.25122749590835,3.0431669394435352,1.6522423288749015,94.492525570417
997,2011,49315,19581,18540,173,9393.0,642.0,809.0,753.0,24.0,67893.0,702.0,189200.0,Kent,88331.61841654849,913.331214240305,246157.0736955352,0.8835095245390939,94.68362187835146,3.278688524590164,2.966625463535229,93.0778739184178
998,2020,49315,23116,20986,258,11702.0,440.0,892.0,685.0,0.0,87113.0,936.0,256800.0,Kent,98504.5265270796,1058.398136091588,290381.0270815383,1.1161100536424986,90.7856030455096,1.9034435023360445,0.0,76.79372197309418
999,2018,49315,22744,20832,310,11487.0,338.0,843.0,707.0,6.0,77270.0,830.0,228100.0,Kent,90055.0436666441,967.3312571931486,265841.2768262135,1.362996834329933,91.5933872669715,1.486106225817798,0.7117437722419928,83.86714116251483
1000,2018,49316,23140,20873,596,11948.0,340.0,1382.0,1133.0,77.0,84726.0,910.0,232700.0,Kent,98744.7085505382,1060.568004874416,271202.3898178864,2.575626620570441,90.20311149524632,1.4693171996542784,5.571635311143271,81.98263386396528
1001,2011,49316,19552,18111,405,9747.0,607.0,909.0,800.0,3.0,74769.0,725.0,189800.0,Kent,97277.58056628684,943.2551714020244,246937.69866497137,2.0713993453355157,92.62990998363338,3.104541734860884,0.33003300330033003,88.00880088008802
1002,2019,49316,23391,21143,631,11778.0,432.0,1306.0,1142.0,65.0,89326.0,900.0,244500.0,Kent,102253.02076610456,1030.2456025064832,279883.388680928,2.697618742251293,90.38946603394467,1.846864178530204,4.977029096477795,87.4425727411945
1003,2016,49316,21940,20291,419,11314.0,477.0,1288.0,1155.0,33.0,81575.0,815.0,195500.0,Kent,99469.3139158441,993.778618956947,238384.9325228014,1.90975387420237,92.48404740200546,2.1741112123974475,2.562111801242236,89.67391304347827
1004,2020,49316,24193,21467,564,12290.0,620.0,929.0,562.0,71.0,86067.0,966.0,252800.0,Kent,97321.74399465248,1092.3211532740108,285857.95812388195,2.331252841731079,88.73227793163312,2.5627247550944485,7.642626480086114,60.495156081808396
1005,2012,49316,20081,18521,451,10066.0,649.0,841.0,717.0,9.0,79437.0,818.0,186400.0,Kent,101255.4127503332,1042.6744165788305,237597.2020174743,2.2459040884418107,92.23146257656492,3.2319107614162643,1.070154577883472,85.25564803804994
1006,2015,49316,21598,20052,321,11004.0,551.0,1674.0,1509.0,41.0,80392.0,813.0,188300.0,Kent,99263.43156819974,1003.8457789947556,232502.0420476168,1.4862487267339568,92.84192980831558,2.5511621446430226,2.4492234169653524,90.14336917562724
1007,2017,49316,22331,20630,425,11437.0,405.0,1207.0,1107.0,25.0,86206.0,828.0,214800.0,Kent,102923.53512565272,988.5702513054828,256455.1811357702,1.9031839147373604,92.38278626125117,1.8136223187497202,2.071251035625518,91.71499585749793
1008,2013,49316,20073,18278,460,10359.0,571.0,877.0,743.0,26.0,80434.0,830.0,183200.0,Kent,101046.16847744434,1042.6973647497175,230147.17737608225,2.2916355303143527,91.05763961540377,2.8446171474119466,2.9646522234891677,84.72063854047892
1009,2014,49316,20912,18898,362,10579.0,419.0,1019.0,869.0,27.0,80339.0,815.0,184000.0,Kent,99315.73586188834,1007.509736584212,227462.32089753984,1.73106350420811,90.36916602907421,2.0036342769701605,2.649656526005888,85.27968596663396
1010,2019,49319,16705,16049,127,8791.0,473.0,1157.0,1089.0,41.0,67938.0,612.0,159000.0,Kent,77769.80638120606,700.5670097044085,182010.056442812,0.7602514217300209,96.07303202633942,2.831487578569291,3.543647363872083,94.12273120138289
1011,2016,49319,16507,15590,140,7760.0,670.0,1551.0,1392.0,34.0,59640.0,549.0,132600.0,Kent,72722.64642281266,669.428787493698,161687.17162416095,0.8481250378627249,94.44478100199916,4.058884109771612,2.192134107027724,89.74854932301741
1012,2014,49319,16401,15420,139,7844.0,756.0,1724.0,1598.0,17.0,56738.0,566.0,128800.0,Kent,70139.98458198161,699.6938784130846,159223.62462827793,0.8475092982135236,94.01865739893908,4.609475032010243,0.9860788863109048,92.69141531322505
1013,2017,49319,16780,15881,167,8257.0,522.0,1431.0,1271.0,34.0,62638.0,577.0,139400.0,Kent,74785.10072617492,688.894969810705,166433.20414490858,0.9952324195470797,94.64243146603098,3.1108462455303934,2.375960866526904,88.81900768693221
1014,2015,49319,16569,15581,157,7942.0,756.0,1781.0,1634.0,32.0,59353.0,550.0,126500.0,Kent,73285.68083723952,679.1084605745579,156194.94593214832,0.9475526585792746,94.03705715492788,4.562737642585551,1.7967434025828188,91.74620999438517
1015,2012,49319,15674,14977,91,7060.0,957.0,1587.0,1538.0,20.0,56617.0,625.0,135000.0,Kent,72167.60078660591,796.6644380950721,172079.5186285356,0.580579303304836,95.5531453362256,6.105652673216793,1.260239445494644,96.91241335853812
1016,2018,49319,16886,16155,136,8693.0,527.0,1390.0,1237.0,38.0,65102.0,596.0,145300.0,Kent,75873.73434432333,694.6137702254416,169341.24297610178,0.8054009238422363,95.67097003434797,3.1209285798886652,2.7338129496402876,88.9928057553957
1017,2013,49319,15987,15095,131,7365.0,884.0,1668.0,1606.0,17.0,57622.0,592.0,130600.0,Kent,72388.32235133523,743.7070360624492,164067.80221242548,0.8194157753174454,94.42046662913617,5.529492712829174,1.0191846522781776,96.28297362110312
1018,2020,49319,18341,17062,59,9357.0,341.0,1165.0,1092.0,4.0,66031.0,730.0,172500.0,Kent,74665.69158575177,825.4600847722857,195057.34879893047,0.3216836595605474,93.02655253257728,1.8592225069516384,0.34334763948497854,93.73390557939915
1019,2011,49319,15763,15184,93,7055.0,851.0,1702.0,1643.0,24.0,52960.0,587.0,140300.0,Kent,68903.16396889822,763.7114284317081,182536.1386864883,0.5899892152509041,96.32684133730889,5.398718518048595,1.410105757931845,96.53349001175087
1020,2014,49321,16479,13669,1090,8407.0,908.0,2915.0,1539.0,612.0,49163.0,612.0,140600.0,Kent,60775.70696894431,756.5594586374696,173810.88216409838,6.614479033921962,82.94799441713695,5.510043085138661,20.994854202401374,52.795883361921106
1021,2020,49321,16926,14277,575,8447.0,332.0,1323.0,1235.0,30.0,61293.0,748.0,184700.0,Kent,69308.11640540781,845.8138950817391,208852.7091197824,3.3971404939146876,84.34952144629564,1.9614793808342197,2.2675736961451247,93.34845049130763
1022,2011,49321,15850,13582,851,8417.0,840.0,1925.0,1361.0,476.0,47134.0,600.0,147700.0,Kent,61323.29551567314,780.6249694361582,192163.8466428676,5.369085173501578,85.69085173501577,5.299684542586751,24.727272727272727,70.7012987012987
1023,2013,49321,16115,13148,1099,8335.0,895.0,2679.0,1475.0,603.0,49067.0,608.0,142700.0,Kent,61641.00192310168,763.8072262262992,179268.571023837,6.819733167856034,81.58858206639776,5.553831833695315,22.508398656215007,55.057857409481144
1024,2015,49321,16698,14128,1134,8770.0,716.0,2901.0,1795.0,547.0,48351.0,626.0,141100.0,Kent,59701.04214043718,772.9489023994058,174222.18870376382,6.791232482932087,84.60893520182057,4.287938675290454,18.85556704584626,61.875215442950704
1025,2012,49321,15792,13395,867,8255.0,755.0,2329.0,1485.0,514.0,47031.0,597.0,144600.0,Kent,59948.680300878936,760.9738712684128,184316.28439767583,5.490121580547112,84.82142857142857,4.780901722391084,22.06955775010734,63.76127093173035
1026,2018,49321,17354,15351,894,9393.0,392.0,1804.0,1542.0,135.0,53686.0,718.0,159100.0,Kent,62568.85045020648,836.7998104393744,185424.5819511204,5.151550074910683,88.45799239368445,2.258845223003342,7.483370288248336,85.47671840354766
1027,2019,49321,17160,15138,785,9231.0,337.0,1825.0,1602.0,103.0,57867.0,739.0,169200.0,Kent,66241.35808915852,845.9461113914346,193686.1732712188,4.574592074592075,88.21678321678321,1.9638694638694636,5.6438356164383565,87.78082191780821
1028,2017,49321,17036,15180,910,9368.0,521.0,2086.0,1729.0,168.0,53250.0,687.0,152200.0,Kent,63576.52884301566,820.2267664817232,181715.449575718,5.3416294904907256,89.10542380840573,3.058229631368866,8.053691275167784,82.88590604026845
1029,2016,49321,16875,14616,1082,9020.0,573.0,2733.0,1683.0,483.0,51082.0,636.0,143600.0,Kent,62287.36124363039,775.5131308670163,175100.13457940807,6.411851851851852,86.61333333333333,3.3955555555555557,17.672886937431397,61.58068057080131
1030,2017,49325,1947,1906,0,915.0,63.0,195.0,166.0,0.0,61397.0,550.0,128700.0,Kent,73303.43927464099,656.6589833550912,153658.2021050914,0.0,97.89419619928094,3.2357473035439135,0.0,85.12820512820512
1031,2012,49325,1683,1643,0,795.0,149.0,144.0,141.0,0.0,63553.0,539.0,140000.0,Kent,81008.6640548098,687.0434114131901,178452.83413329613,0.0,97.6232917409388,8.85323826500297,0.0,97.91666666666666
1032,2018,49325,1950,1883,0,872.0,50.0,235.0,191.0,0.0,64821.0,530.0,147000.0,Kent,75546.24026809288,617.6934533883962,171322.52386432872,0.0,96.56410256410255,2.564102564102564,0.0,81.27659574468085
1033,2019,49325,2050,2019,4,895.0,61.0,181.0,178.0,0.0,70699.0,500.0,154700.0,Kent,80930.37094622872,572.3586680591574,177087.77189750326,0.1951219512195122,98.48780487804878,2.975609756097561,0.0,98.34254143646409
1034,2011,49325,1763,1726,0,800.0,122.0,110.0,106.0,0.0,64063.0,528.0,148700.0,Kent,83348.62902831433,686.9499731038193,193464.88825859447,0.0,97.9013045944413,6.920022688598978,0.0,96.36363636363636
1035,2020,49325,2339,2307,3,992.0,42.0,165.0,162.0,0.0,74836.0,563.0,177100.0,Kent,84622.09712879283,636.6219557901326,200258.8781002353,0.12825994014536127,98.63189397178282,1.7956391620350578,0.0,98.18181818181819
1036,2016,49325,1810,1749,0,865.0,66.0,182.0,135.0,0.0,61016.0,615.0,121300.0,Kent,74400.48615248721,749.9065652251809,147908.40058831617,0.0,96.62983425414365,3.6464088397790055,0.0,74.17582417582418
1037,2013,49325,1625,1567,0,846.0,139.0,135.0,132.0,0.0,62083.0,530.0,123600.0,Kent,77992.50662139364,665.8187991775307,155273.9690157411,0.0,96.43076923076923,8.553846153846154,0.0,97.77777777777777
1038,2014,49325,1601,1529,0,822.0,100.0,155.0,122.0,0.0,62750.0,550.0,117500.0,Kent,77572.06867565558,679.9145461611246,145254.4712253312,0.0,95.50281074328545,6.2460961898813245,0.0,78.70967741935485
1039,2015,49325,1739,1667,0,852.0,84.0,203.0,155.0,0.0,60568.0,583.0,114800.0,Kent,74785.8931637815,719.8549682090314,141748.4568617441,0.0,95.85968947671076,4.830362277170788,0.0,76.35467980295566
1040,2016,49326,4032,3643,231,1745.0,126.0,556.0,472.0,0.0,50671.0,610.0,102900.0,Kent,61786.20417321161,743.8097638818867,125472.17164499366,5.729166666666666,90.35218253968253,3.125,0.0,84.89208633093526
1041,2012,49326,3928,3742,13,1701.0,303.0,740.0,707.0,0.0,51433.0,624.0,129200.0,Kent,65559.74727127016,795.38977499412,164686.47264301332,0.33095723014256617,95.26476578411406,7.713849287169043,0.0,95.54054054054055
1042,2020,49326,4257,4180,0,1793.0,51.0,420.0,407.0,0.0,60352.0,549.0,138300.0,Kent,68244.06443311914,620.7912144383353,156385.1092109686,0.0,98.19121447028424,1.1980267794221282,0.0,96.9047619047619
1043,2013,49326,3943,3748,5,1740.0,240.0,703.0,674.0,0.0,52792.0,620.0,126500.0,Kent,66320.577445623,778.8823688491867,158917.12848293892,0.12680699974638598,95.05452700989095,6.086735987826528,0.0,95.87482219061167
1044,2011,49326,3545,3378,7,1700.0,226.0,641.0,611.0,0.0,51961.0,627.0,141600.0,Kent,67603.42339478702,815.7530930607852,184227.4927869333,0.19746121297602257,95.28913963328633,6.375176304654443,0.0,95.3198127925117
1045,2014,49326,4015,3736,4,1769.0,208.0,691.0,629.0,0.0,53177.0,601.0,130300.0,Kent,65737.84694765476,742.961167714247,161077.93702689916,0.099626400996264,93.05105853051059,5.180572851805729,0.0,91.02749638205499
1046,2019,49326,4308,4064,189,2026.0,87.0,459.0,443.0,0.0,57361.0,548.0,121100.0,Kent,65662.13111708264,627.3051001928363,138625.2694039279,4.387186629526462,94.33611884865367,2.01949860724234,0.0,96.51416122004358
1047,2018,49326,4074,3734,227,1774.0,50.0,451.0,393.0,0.0,54850.0,549.0,120800.0,Kent,63925.44512896892,639.8371809626971,140787.4889987137,5.571919489445263,91.65439371624939,1.2272950417280315,0.0,87.13968957871397
1048,2017,49326,4051,3702,209,1785.0,57.0,485.0,416.0,0.0,53438.0,603.0,110800.0,Kent,63800.98682278067,719.9370308420365,132286.93701044386,5.1592199456924215,91.3848432485806,1.4070599851888421,0.0,85.77319587628865
1049,2015,49326,4000,3702,187,1817.0,157.0,497.0,456.0,0.0,54675.0,548.0,117300.0,Kent,67509.55469438901,676.6389752633777,144835.31350071935,4.675,92.55,3.925,0.0,91.75050301810866
1050,2020,49330,5852,5626,43,2530.0,361.0,459.0,422.0,22.0,70787.0,699.0,168400.0,Kent,80043.62057640518,790.4063003504488,190421.2031173327,0.7347915242652086,96.13807245386192,6.1688311688311686,4.793028322440087,91.93899782135077
1051,2013,49330,5277,4796,148,2227.0,326.0,571.0,432.0,80.0,48944.0,704.0,120900.0,Kent,61486.481711217086,884.4083672093992,151882.06192559144,2.8046238393026344,90.88497252226644,6.177752510896343,14.010507880910684,75.65674255691769
1052,2019,49330,5724,5410,108,2656.0,196.0,672.0,627.0,25.0,67337.0,654.0,154600.0,Kent,77081.83126219896,748.6451378213778,176973.30016389143,1.8867924528301887,94.51432564640112,3.4241788958770094,3.7202380952380953,93.30357142857143
1053,2016,49330,5384,5026,128,2402.0,295.0,765.0,676.0,20.0,49384.0,615.0,123800.0,Kent,60216.8875074477,749.9065652251809,150956.80125996325,2.37741456166419,93.35066864784547,5.479197622585438,2.6143790849673203,88.36601307189542
1054,2012,49330,5356,4862,140,2236.0,311.0,518.0,383.0,68.0,55338.0,669.0,121800.0,Kent,70537.30668048817,852.7496145369652,155253.96569596766,2.6138909634055265,90.77669902912622,5.8065720687079905,13.127413127413126,73.93822393822393
1055,2015,49330,5383,4959,211,2374.0,292.0,746.0,620.0,57.0,46307.0,525.0,119200.0,Kent,57177.22815241101,648.2398941848053,147181.32454634056,3.919747352777262,92.12335129110161,5.424484488203604,7.640750670241286,83.10991957104558
1056,2011,49330,5519,5050,115,2309.0,268.0,482.0,349.0,64.0,51385.0,618.0,123200.0,Kent,66854.02342412832,804.0437185192429,160288.32705755782,2.0837108171770247,91.50208371081717,4.855952165247327,13.278008298755188,72.40663900414937
1057,2018,49330,5590,5249,130,2478.0,201.0,665.0,624.0,16.0,61591.0,605.0,141700.0,Kent,71781.8065804617,705.1029043395843,165145.58933044475,2.3255813953488373,93.89982110912344,3.5957066189624327,2.4060150375939853,93.83458646616542
1058,2017,49330,5561,5267,114,2438.0,216.0,706.0,613.0,24.0,53396.0,606.0,135000.0,Kent,63750.84195496083,723.5188071148825,161179.9322780679,2.049991008811365,94.71318108253911,3.8841934903794284,3.39943342776204,86.82719546742209
1059,2014,49330,5399,4872,207,2349.0,340.0,678.0,511.0,109.0,47865.0,705.0,117400.0,Kent,59171.10864000405,871.526827351987,145130.85039875642,3.8340433413595107,90.23893313576589,6.297462493054269,16.07669616519174,75.36873156342183
1060,2018,49331,17579,16833,199,9563.0,377.0,1360.0,1276.0,13.0,75728.0,776.0,189500.0,Kent,88257.90535508766,904.3964525082932,220854.546070002,1.132032538824734,95.75630013083793,2.1446043574719837,0.9558823529411765,93.82352941176471
1061,2012,49331,16666,16087,187,7861.0,883.0,1614.0,1399.0,9.0,59089.0,619.0,159200.0,Kent,75318.56797215955,789.0164594893594,202926.3656715768,1.122044881795272,96.52586103444138,5.298211928477139,0.5576208178438662,86.67905824039653
1062,2020,49331,18118,16840,334,9777.0,278.0,1021.0,999.0,15.0,81973.0,801.0,231200.0,Kent,92692.3829164912,905.744558770686,261433.3857525376,1.8434705817419141,92.94624130698753,1.534385693785186,1.4691478942213516,97.84524975514202
1063,2011,49331,16463,15754,198,8012.0,839.0,1279.0,1037.0,18.0,55962.0,561.0,162300.0,Kent,72808.89089931049,729.8843464228079,211159.0542324808,1.2026969568122456,95.69337301828342,5.096276498815526,1.4073494917904612,81.07896794370602
1064,2014,49331,16998,16381,161,8188.0,836.0,1974.0,1714.0,15.0,63695.0,649.0,159600.0,Kent,78740.28548678696,802.2991644701269,197298.83921330087,0.9471702553241557,96.37016119543476,4.918225673608659,0.7598784194528876,86.82877406281662
1065,2016,49331,17454,16934,69,8977.0,685.0,1658.0,1532.0,7.0,69313.0,664.0,167100.0,Kent,84517.51830154953,809.6552183894636,203755.1008928906,0.3953248539016845,97.02074023146557,3.924601810473244,0.4221954161640531,92.40048250904704
1066,2019,49331,18028,17213,157,9851.0,344.0,1251.0,1212.0,9.0,79765.0,775.0,205600.0,Kent,91308.37831547736,887.1559354916938,235353.8843059255,0.8708675393831817,95.47925449301087,1.908142888839583,0.7194244604316548,96.88249400479616
1067,2013,49331,17266,16712,182,8136.0,945.0,1627.0,1433.0,0.0,62744.0,611.0,158500.0,Kent,78822.89572753769,767.5760118820211,199117.5088106389,1.0540947526931541,96.79138190663733,5.473184292829839,0.0,88.0762138905962
1068,2017,49331,17442,16861,104,9332.0,494.0,1201.0,1160.0,7.0,73703.0,716.0,170800.0,Kent,87995.88554585508,854.8506037859007,203922.4624673629,0.5962618965714941,96.66895998165347,2.832244008714597,0.5828476269775187,96.58617818484596
1069,2015,49331,17165,16585,129,8490.0,721.0,1855.0,1691.0,5.0,65400.0,661.0,160800.0,Kent,80752.16967559289,816.1648953450596,198546.6190188889,0.7515292746868628,96.62103116807457,4.200407806583163,0.2695417789757413,91.1590296495957
1070,2020,49341,38728,35837,455,19999.0,990.0,1221.0,1133.0,18.0,99054.0,908.0,253600.0,Kent,112007.01813292326,1026.7366533879936,286762.5719154132,1.1748605659987605,92.53511671142326,2.5562900227225778,1.4742014742014742,92.7927927927928
1071,2019,49341,37505,35702,256,19004.0,792.0,1635.0,1499.0,9.0,94895.0,790.0,240700.0,Kent,108627.95161094746,904.3266955334684,275533.46280367835,0.6825756565791228,95.1926409812025,2.1117184375416613,0.5504587155963303,91.68195718654434
1072,2018,49341,36711,35010,343,18616.0,720.0,1914.0,1668.0,96.0,92699.0,777.0,223900.0,Kent,108036.91591632253,905.561911854309,260946.34757294692,0.9343248617580562,95.36651139985291,1.9612650159352782,5.015673981191222,87.14733542319749
1073,2011,49341,33085,32101,105,16076.0,1198.0,1889.0,1716.0,12.0,76342.0,640.0,192400.0,Kent,99324.11902782532,832.6666340652354,250320.40686586135,0.31736436451564154,97.02584252682485,3.620976273235605,0.6352567496029645,90.84171519322393
1074,2017,49341,36216,34450,261,17951.0,779.0,1788.0,1497.0,103.0,89491.0,742.0,205800.0,Kent,106845.58014441904,885.8926648172322,245709.85231723235,0.7206759443339961,95.12370223105809,2.1509829909432296,5.760626398210291,83.7248322147651
1075,2012,49341,33697,32602,121,15698.0,1159.0,2275.0,2123.0,10.0,75522.0,660.0,186100.0,Kent,96265.10671010564,841.2776466283962,237214.80308718863,0.3590824108971125,96.75045256254265,3.439475324212838,0.43956043956043955,93.31868131868131
1076,2014,49341,34518,33291,250,16440.0,953.0,1976.0,1793.0,117.0,77874.0,705.0,177000.0,Kent,96268.48248682077,871.526827351987,218808.86303730737,0.7242598064777797,96.44533286980706,2.760878382293296,5.921052631578947,90.73886639676113
1077,2013,49341,33588,32444,94,15354.0,1062.0,2226.0,2077.0,12.0,74626.0,686.0,180800.0,Kent,93749.79944796678,861.7956532750679,227132.14885150475,0.2798618554245564,96.59402167440753,3.161843515541265,0.5390835579514826,93.30637915543576
1078,2015,49341,34971,33507,267,16585.0,837.0,1977.0,1736.0,120.0,76280.0,709.0,181800.0,Kent,94186.16976841324,875.4325428133847,224476.2147862811,0.7634897486488805,95.81367418718366,2.393411683966715,6.0698027314112295,87.80981284774911
1079,2016,49341,35546,33902,339,17060.0,816.0,2029.0,1781.0,116.0,82029.0,716.0,192200.0,Kent,100022.9034778152,873.0619523597228,234361.04363622723,0.9536938052101502,95.37500703314016,2.295616947054521,5.717102020699852,87.7772301626417
1080,2014,49343,5651,5477,25,2506.0,150.0,930.0,899.0,7.0,51750.0,484.0,114600.0,Kent,63973.77775243308,598.3248006217897,141669.4672546634,0.4423995752964077,96.920898955937,2.654397451778446,0.7526881720430108,96.66666666666667
1081,2013,49343,5441,5274,31,2364.0,264.0,683.0,657.0,7.0,46827.0,485.0,115900.0,Kent,58826.97530016269,609.2870143417025,145600.7524993883,0.5697482080499908,96.93071126631135,4.852049255651535,1.0248901903367496,96.19326500732065
1082,2011,49343,5611,5395,25,2613.0,272.0,835.0,725.0,11.0,48450.0,513.0,127800.0,Kent,63035.46628196977,667.4343488679152,166273.1184899017,0.44555337729459993,96.15041882017465,4.847620744965247,1.3173652694610778,86.82634730538922
1083,2015,49343,5692,5468,35,2444.0,179.0,1023.0,985.0,9.0,46679.0,486.0,112400.0,Kent,57636.55242029052,600.0849306167912,138785.07448832784,0.6148981026001406,96.0646521433591,3.14476458186929,0.8797653958944283,96.28543499511241
1084,2012,49343,5277,5096,25,2477.0,267.0,553.0,483.0,8.0,52587.0,513.0,120400.0,Kent,67030.70848976889,653.9021707884352,153469.43735463472,0.47375402690922874,96.57002084517718,5.059693007390563,1.4466546112115732,87.34177215189874
1085,2019,49343,5551,5440,35,2617.0,133.0,647.0,633.0,4.0,65585.0,570.0,149300.0,Kent,75076.28648931965,652.4888815874393,170906.29828246435,0.6305170239596469,98.00036029544226,2.3959646910466583,0.6182380216383307,97.83616692426584
1086,2018,49343,6020,5879,28,2718.0,128.0,834.0,824.0,0.0,62671.0,524.0,129700.0,Kent,73040.50267415882,610.700697312301,151160.0771782547,0.46511627906976744,97.6578073089701,2.12624584717608,0.0,98.8009592326139
1087,2017,49343,5858,5671,38,2532.0,149.0,1077.0,1062.0,0.0,53125.0,436.0,126400.0,Kent,63427.28816498041,520.5514849869451,150912.1736292428,0.6486855582109935,96.80778422669853,2.543530215090475,0.0,98.60724233983287
1088,2016,49343,6079,5882,33,2570.0,171.0,1124.0,1104.0,0.0,52917.0,468.0,120100.0,Kent,64524.88733661934,570.6606057323327,146445.16826592555,0.5428524428359928,96.75933541700937,2.8129626583319625,0.0,98.22064056939502
1089,2020,49343,5637,5466,35,2759.0,100.0,547.0,531.0,5.0,64654.0,491.0,165300.0,Kent,73108.62509707856,555.2067145523181,186915.82467514905,0.6208976405889658,96.96647152740819,1.7739932588256166,0.9140767824497258,97.07495429616088
1090,2018,49345,14488,14081,99,7190.0,334.0,1746.0,1616.0,41.0,61975.0,623.0,161900.0,Kent,72229.3429693318,726.0811725678693,188687.86811996475,0.6833241303147432,97.19077857537273,2.3053561568194367,2.348224513172967,92.55441008018327
1091,2019,49345,15123,14811,83,7717.0,248.0,1485.0,1400.0,27.0,66659.0,644.0,167600.0,Kent,76305.71290831074,737.1979644601946,191854.62553342956,0.548832903524433,97.9369172783178,1.6398862659525226,1.8181818181818181,94.27609427609428
1092,2016,49345,13505,12913,166,6486.0,559.0,1894.0,1652.0,62.0,55732.0,623.0,137500.0,Kent,67957.38649289396,759.6614473744514,167662.0369405892,1.2291743798593113,95.61643835616438,4.139207700851536,3.2734952481520594,87.22280887011615
1093,2014,49345,13123,12398,233,6001.0,696.0,1663.0,1352.0,121.0,55229.0,597.0,126200.0,Kent,68274.54630896864,738.016334651257,156009.48313733444,1.775508648936981,94.47534862455231,5.30366532042978,7.276007215874925,81.29885748647024
1094,2012,49345,13800,13199,98,6334.0,848.0,1676.0,1429.0,26.0,56420.0,557.0,134000.0,Kent,71916.49215571834,709.9873472303283,170804.85552758348,0.7101449275362319,95.64492753623188,6.144927536231884,1.5513126491646778,85.26252983293557
1095,2013,49345,13572,12986,175,6281.0,889.0,1448.0,1280.0,63.0,56000.0,576.0,126900.0,Kent,70350.66557347492,723.6068458985992,159419.63323703516,1.2894193928676687,95.6822870615974,6.550250515767757,4.350828729281768,88.39779005524862
1096,2020,49345,14157,13646,69,6862.0,452.0,1044.0,966.0,18.0,73478.0,630.0,175000.0,Kent,83086.5152176685,712.3833608308767,197884.2668974657,0.48739139648230556,96.39047820866003,3.1927668291304654,1.7241379310344827,92.52873563218391
1097,2011,49345,13445,12898,31,6153.0,800.0,1801.0,1573.0,23.0,54065.0,544.0,135700.0,Kent,70340.81495427649,707.76663895545,176551.34725414446,0.2305689847526962,95.93157307549275,5.9501673484566755,1.2770682953914492,87.34036646307607
1098,2017,49345,13999,13550,83,7008.0,418.0,1818.0,1672.0,57.0,57732.0,617.0,150200.0,Kent,68927.7025946475,736.6519867819842,179327.59872715402,0.5928994928209158,96.79262804486035,2.985927566254732,3.1353135313531353,91.96919691969197
1099,2015,49345,13248,12496,237,6266.0,672.0,1871.0,1530.0,132.0,55121.0,606.0,132100.0,Kent,68060.2499187822,748.2540492876038,163109.50480345293,1.7889492753623188,94.32367149758454,5.072463768115942,7.055050774986638,81.77445216461786
1100,2011,49418,28000,25962,457,13919.0,1239.0,2181.0,1715.0,166.0,58874.0,618.0,167500.0,Kent,76597.5240843073,804.0437185192429,217924.47063426083,1.6321428571428571,92.72142857142858,4.425,7.611187528656579,78.6336542870243
1101,2020,49418,28607,24775,586,16171.0,373.0,1804.0,1417.0,94.0,71031.0,837.0,203200.0,Kent,80319.52778282222,946.4521793895932,229771.90304894303,2.0484496801482157,86.60467717691475,1.3038766735414409,5.210643015521065,78.54767184035477
1102,2018,49418,28383,25254,416,14917.0,438.0,1965.0,1602.0,123.0,66486.0,756.0,180400.0,Kent,77486.73007920926,881.0872655879764,210248.86602125785,1.465666067716591,88.97579537046823,1.5431772539900646,6.259541984732825,81.5267175572519
1103,2016,49418,27986,25064,448,14460.0,551.0,2066.0,1663.0,97.0,62083.0,673.0,163900.0,Kent,75701.54355914619,820.629460807393,199853.14803318237,1.6008004002001,89.55906524690917,1.9688415636389622,4.695062923523717,80.49370764762827
1104,2012,49418,27476,25367,469,13612.0,1388.0,2365.0,1764.0,207.0,58399.0,619.0,162500.0,Kent,74439.05043250258,789.0164594893594,207132.75390471876,1.70694424224778,92.32421021982822,5.051681467462513,8.752642706131079,74.58773784355179
1105,2015,49418,27968,25244,636,14173.0,621.0,2164.0,1789.0,113.0,59265.0,639.0,160100.0,Kent,73177.02348354759,789.0005569220773,197682.29915997584,2.274027459954233,90.26029748283753,2.2203947368421053,5.22181146025878,82.67097966728281
1106,2013,49418,27524,25149,539,13722.0,1308.0,2197.0,1600.0,140.0,58814.0,623.0,159400.0,Kent,73885.78651854204,782.6511545049085,200248.1445073554,1.9582909460834181,91.37116698154338,4.752216247638424,6.372325898953118,72.82658170232135
1107,2017,49418,28514,25407,478,15029.0,423.0,1907.0,1573.0,65.0,63984.0,709.0,172000.0,Kent,76392.12434725848,846.4931258159269,205355.1729765013,1.676369502700428,89.10359823244723,1.4834817984148139,3.408495018353435,82.48557944415312
1108,2019,49418,28521,25414,339,15572.0,395.0,1696.0,1384.0,113.0,70504.0,780.0,191400.0,Kent,80707.15106568566,892.8795221722853,219098.8981330454,1.1885978752498159,89.10627257108797,1.3849444269135025,6.662735849056604,81.60377358490565
1109,2014,49418,27496,24978,678,13693.0,859.0,2079.0,1656.0,196.0,57934.0,635.0,156000.0,Kent,71618.48966781562,784.992248749662,192848.48945660988,2.4658132091940645,90.84230433517602,3.1240907768402675,9.427609427609427,79.65367965367966
1110,2011,49503,34908,23453,7502,16983.0,2461.0,10690.0,5694.0,3576.0,32000.0,590.0,110700.0,Kent,41633.33170326178,767.6145532788889,144025.30686097118,21.49077575340896,67.18517245330582,7.04995989458004,33.45182413470533,53.264733395696915
1111,2019,49503,37250,26395,5178,20791.0,1663.0,8915.0,5142.0,1754.0,47844.0,773.0,150100.0,Kent,54767.85622924464,884.8665008194572,171822.07215135905,13.900671140939597,70.85906040268456,4.464429530201342,19.674705552439708,57.678070667414474
1112,2014,49503,35128,24641,6565,17329.0,2231.0,11340.0,6618.0,3044.0,34658.0,634.0,96900.0,Kent,42844.506074276826,783.7560404839146,119788.58095093268,18.68879526303803,70.14632202231837,6.351058984286039,26.843033509700177,58.359788359788354
1113,2015,49503,34985,24983,5903,17765.0,2046.0,11457.0,6617.0,2857.0,35816.0,648.0,101600.0,Kent,44223.54295261521,800.1132408223882,125449.85380795469,16.872945548092037,71.41060454480491,5.8482206659997145,24.9367199092258,57.75508422798289
1114,2012,49503,34625,24374,6756,16628.0,2627.0,10878.0,6457.0,3045.0,31946.0,600.0,105600.0,Kent,40720.38742301628,764.7978605712692,134604.4234605434,19.511913357400722,70.39422382671479,7.587003610108304,27.99227799227799,59.358337929766506
1115,2018,49503,37255,26169,5550,20475.0,1595.0,9722.0,5515.0,1827.0,45660.0,750.0,133600.0,Kent,53214.87373908333,874.0945095118813,155705.36862771647,14.897329217554692,70.24292041336734,4.281304522882834,18.79242954124666,56.727010903106354
1116,2013,49503,35157,25010,6896,16783.0,2612.0,11662.0,6971.0,3325.0,32110.0,605.0,98800.0,Kent,40338.569135076425,760.0384405705774,124118.67426177362,19.61487043831954,71.13803794407941,7.429530392240522,28.511404561824733,59.77533870691134
1117,2017,49503,36467,26096,5447,19801.0,1505.0,10324.0,5943.0,2108.0,41306.0,713.0,117700.0,Kent,49316.28357539165,851.2688275130547,140525.02243798957,14.936792168261718,71.56058902569447,4.127018948638495,20.418442464161178,57.56489732661759
1118,2020,49503,37036,25153,5137,20490.0,1415.0,8716.0,5126.0,1412.0,49717.0,790.0,165600.0,Kent,56218.3548419503,893.306119137131,187255.05484697327,13.870288368074307,67.91500162004536,3.8206069769953563,16.20009178522258,58.811381367599814
1119,2016,49503,35484,25877,4937,18843.0,1634.0,11177.0,6480.0,2396.0,38043.0,664.0,110100.0,Kent,46388.1227005879,809.6552183894636,134251.56557933724,13.913313042498027,72.92582572427008,4.604892345846015,21.436879305717095,57.97620112731502
1120,2015,49504,38825,32654,2213,18871.0,1826.0,8637.0,6273.0,1181.0,41103.0,588.0,107200.0,Kent,50751.62737272009,726.0286814869819,132364.4126792593,5.699935608499678,84.105602060528,4.703155183515776,13.673729304156538,72.62938520319555
1121,2017,49504,38531,31619,2668,20027.0,1165.0,7464.0,5161.0,1255.0,46184.0,635.0,118500.0,Kent,55140.25179503916,758.1426444190599,141480.16277741513,6.924294723728945,82.06119747735589,3.0235394876852406,16.814040728831724,69.14523043944266
1122,2012,49504,39832,33020,2762,17965.0,2561.0,10132.0,6749.0,2042.0,40638.0,578.0,115100.0,Kent,51799.75909649207,736.7552723503228,146713.7229195885,6.934123317935328,82.8981723237598,6.429503916449086,20.153967627319382,66.61073825503355
1123,2016,49504,38877,32556,2219,19709.0,1397.0,8697.0,6415.0,1055.0,42488.0,617.0,111900.0,Kent,51808.1790947764,752.3452857624985,136446.41406292314,5.707744939167117,83.74102940041669,3.593384263189032,12.13061975393814,73.76106703460964
1124,2020,49504,40498,33066,2816,21166.0,1133.0,7614.0,5084.0,1058.0,52460.0,780.0,157400.0,Kent,59320.04937966315,881.99844674299,177982.76348377773,6.95342979900242,81.64847646797372,2.7976690206923798,13.895455739427371,66.77173627528238
1125,2018,49504,39401,32250,2591,20617.0,1073.0,7427.0,5059.0,1075.0,48604.0,680.0,126400.0,Kent,56645.98605375397,792.5123552907725,147314.0613364024,6.575975229055101,81.85071444887186,2.7232811349965735,14.474215699474888,68.1163323010637
1126,2014,49504,39168,32527,2848,18279.0,2285.0,8917.0,5953.0,1838.0,40769.0,591.0,107700.0,Kent,50398.974786259794,730.5990850567721,133139.63022100567,7.27124183006536,83.04483251633987,5.833843954248366,20.61231355837165,66.76012111696758
1127,2019,49504,39633,32216,2706,21378.0,991.0,7289.0,4825.0,985.0,51048.0,733.0,140800.0,Kent,58435.53057416773,839.0778073747247,161176.2009254587,6.827643630308076,81.28579718921101,2.5004415512325586,13.513513513513514,66.1956372616271
1128,2013,49504,39533,33140,2474,18207.0,2612.0,9163.0,6103.0,1709.0,40808.0,586.0,108400.0,Kent,51265.535012899374,736.1694647510055,136178.78836008362,6.258062884172716,83.82870007335643,6.607138340120912,18.651096802357305,66.60482374768088
1129,2011,49504,40692,32521,2840,18841.0,2400.0,9286.0,6032.0,1976.0,41214.0,569.0,118700.0,Kent,53621.1291505697,740.2926793486233,154433.63978678663,6.979258822372948,79.91988597267277,5.897965202005309,21.27934525091536,64.95800129226794
1130,2016,49505,31720,24831,4433,15975.0,937.0,5423.0,3118.0,1799.0,45140.0,686.0,114500.0,Kent,55041.922527259616,836.4811442999578,139616.7507614361,13.975409836065575,78.28184110970996,2.9539722572509457,33.173520191775765,57.495851004978796
1131,2013,49505,31380,24459,4595,14556.0,1786.0,5616.0,3084.0,1964.0,44710.0,644.0,113300.0,Kent,56167.46888910829,809.0326540949617,142334.47159776266,14.64308476736775,77.94455066921606,5.691523263224984,34.971509971509974,54.91452991452992
1132,2020,49505,33239,24519,4865,16644.0,1041.0,4835.0,2367.0,1849.0,55440.0,846.0,155000.0,Kent,62689.73575311714,956.62908454432,175268.9221091839,14.636421071632721,73.76575709257199,3.1318631727789645,38.24198552223371,48.95553257497415
1133,2018,49505,32068,25081,4593,16455.0,948.0,4941.0,2731.0,1639.0,49322.0,760.0,133700.0,Kent,57482.78586419334,885.7491029720397,155821.91456231807,14.322689285268803,78.2119246600973,2.956218036672072,33.171422788909126,55.2722121028132
1134,2014,49505,31388,24503,4612,14495.0,1664.0,5774.0,3240.0,2112.0,43911.0,652.0,110800.0,Kent,54283.14115723844,806.0077892673695,136971.8758448229,14.69351344462852,78.0648655537148,5.3013890658850515,36.57776238309664,56.11361274679598
1135,2019,49505,32372,24736,4782,16946.0,869.0,4573.0,2317.0,1611.0,52893.0,797.0,143900.0,Kent,60547.53405930602,912.3397168862969,164724.82466742545,14.772025206968987,76.41171382676387,2.6844186333868776,35.22851519790072,50.66695823310737
1136,2012,49505,31093,24662,4137,14633.0,1525.0,5565.0,2976.0,1837.0,44690.0,635.0,116500.0,Kent,56964.69398155004,809.4110691045933,148498.25126092145,13.305245553661596,79.31688804554081,4.904640915961792,33.00988319856245,53.47708894878706
1137,2017,49505,31866,24916,4555,16150.0,833.0,5109.0,2911.0,1648.0,46656.0,727.0,123700.0,Kent,55703.784595300254,867.9837834530025,147688.57498368146,14.294232096905793,78.18992029121948,2.6140714240883702,32.256801722450575,56.97788216872186
1138,2015,49505,31617,24668,4673,15405.0,1216.0,5877.0,3286.0,1986.0,43031.0,654.0,110500.0,Kent,53132.21121269783,807.5216967559289,136439.06344270665,14.780023405130152,78.02131764557042,3.8460321978682357,33.79275140377744,55.912880721456524
1139,2011,49505,30855,24516,4181,14343.0,1445.0,5585.0,2758.0,2105.0,43838.0,630.0,120600.0,Kent,57035.062350237175,819.6562179079662,156905.6188566678,13.550478042456652,79.45551774428779,4.683195592286501,37.69024171888988,49.3822739480752
1140,2011,49506,32036,25184,5065,15408.0,1640.0,4271.0,2067.0,1677.0,62023.0,733.0,172600.0,Kent,80694.50413223139,953.66350432784,224559.78287446816,15.810338369334499,78.61156199275815,5.119240854039206,39.26480917817841,48.39616014984781
1141,2015,49506,33281,28032,3651,16485.0,1410.0,4896.0,3308.0,1248.0,68221.0,753.0,181900.0,Kent,84235.37870701257,929.7612196593492,224599.68905184013,10.97022325050329,84.22823833418467,4.236651542922388,25.49019607843137,67.56535947712419
1142,2017,49506,33989,27749,4532,17365.0,1188.0,3751.0,2523.0,914.0,73083.0,775.0,207800.0,Kent,87255.65178280025,925.2922038185376,248097.70316579632,13.33372561711142,81.64111918561888,3.4952484627379445,24.366835510530525,67.26206344974673
1143,2020,49506,34058,26946,4420,18684.0,635.0,2559.0,1473.0,841.0,86004.0,854.0,251000.0,Kent,97250.50565856938,965.6752224596328,283822.5770929365,12.977861295437195,79.11797521874449,1.8644664983263843,32.864400156311056,57.561547479484176
1144,2013,49506,33159,27264,4316,15868.0,1773.0,5123.0,3222.0,1360.0,65260.0,782.0,170300.0,Kent,81983.6506308031,982.3967942581678,213941.3990564782,13.016074067372358,82.22202117072288,5.346964624988691,26.546945149326568,62.89283622877221
1145,2012,49506,33171,26546,5052,16219.0,1628.0,5056.0,2932.0,1650.0,64242.0,772.0,173600.0,Kent,81886.9069313658,984.039913935033,221281.5143252872,15.230170932440986,80.02773506978987,4.907901480208616,32.63449367088608,57.99050632911392
1146,2019,49506,34528,27621,4837,18433.0,833.0,2868.0,1850.0,840.0,82982.0,823.0,237800.0,Kent,94990.93398576998,942.102367625373,272213.78252893523,14.008920296570897,79.9959453197405,2.412534754402224,29.288702928870293,64.50488145048816
1147,2018,49506,33661,27160,4624,17895.0,902.0,3308.0,2176.0,935.0,77004.0,778.0,223700.0,Kent,89745.03148060388,906.7273712003248,260713.25570374375,13.736965627877959,80.68684828139389,2.679658952496955,28.264812575574368,65.77992744860943
1148,2016,49506,33741,27428,4784,16991.0,1186.0,4423.0,2950.0,1183.0,70886.0,775.0,190700.0,Kent,86435.57200414987,945.0042082105936,232532.003233239,14.1785957736878,81.28982543493079,3.5150114104501937,26.746552113949807,66.69681211847163
1149,2014,49506,33230,26922,4630,15922.0,1675.0,5304.0,3141.0,1659.0,65360.0,768.0,175500.0,Kent,80798.57224925654,949.4079480940794,216954.5506386861,13.933192897983748,81.01715317484201,5.040625940415287,31.278280542986426,59.21945701357466
1150,2012,49507,37871,16786,15273,14584.0,3098.0,12620.0,4777.0,6373.0,34974.0,622.0,90700.0,Kent,44580.067292699285,792.8404487922157,115611.94325635686,40.32901164479417,44.32415304586623,8.180401890628714,50.49920760697306,37.852614896988904
1151,2017,49507,38429,15110,14386,16052.0,1875.0,11534.0,3214.0,4889.0,36938.0,647.0,86900.0,Kent,44101.21732212793,772.4697495104438,103752.11937010442,37.435270238621875,39.31926409742642,4.879127742069791,42.38772325299116,27.86544130397087
1152,2020,49507,39731,16684,12117,18263.0,1327.0,10863.0,3897.0,3723.0,42426.0,721.0,121500.0,Kent,47973.930899382176,815.2831796175587,137388.21958881192,30.497596335355265,41.99239888248471,3.339961239334525,34.27230046948357,35.87406793703397
1153,2019,49507,39323,16801,12701,17427.0,1500.0,11559.0,4147.0,4087.0,41089.0,703.0,104900.0,Kent,47035.290623765424,804.7362872911751,120080.8485588112,32.2991633395214,42.7256313099204,3.814561452585001,35.35772990743144,35.876805952071976
1154,2011,49507,37703,15896,15587,14560.0,3139.0,12527.0,4554.0,6384.0,33880.0,613.0,96100.0,Kent,44079.2899408284,797.5385104406083,125030.099271358,41.341537808662444,42.16110123862823,8.325597432565047,50.961922247944436,36.35347649077992
1155,2018,49507,38374,15680,13662,16296.0,1806.0,10973.0,3562.0,4306.0,39788.0,677.0,95100.0,Kent,46371.29645927831,789.0159772527248,110835.18380610656,35.6022306770209,40.86099963516965,4.706311565122219,39.24177526656338,32.46149640025517
1156,2016,49507,38390,15732,14904,15480.0,2206.0,12436.0,3797.0,5606.0,36573.0,634.0,84400.0,Kent,44595.66310565941,773.0744103296987,102914.0066748053,38.82261005470175,40.9794217244074,5.746288095858296,45.07880347378578,30.53232550659376
1157,2013,49507,37418,17293,15177,14263.0,2810.0,12969.0,5036.0,6551.0,34774.0,627.0,84700.0,Kent,43685.25079735745,787.676202045871,106405.38167988084,40.56069271473623,46.21572505211395,7.509754663530921,50.512761199784094,38.831058678386924
1158,2015,49507,38512,16183,15644,15373.0,2386.0,12983.0,4114.0,6324.0,34994.0,621.0,84200.0,Kent,43208.58448972014,766.7751891214554,103965.33160068686,40.621105110095556,42.02066888242626,6.195471541337764,48.709851344065314,31.68759146576292
1159,2014,49507,37912,16772,15849,14612.0,2781.0,12886.0,4360.0,6695.0,35563.0,629.0,84900.0,Kent,43963.27455477831,777.5749991551771,104954.08176196268,41.80470563410002,44.23929098966027,7.3354083139902935,51.95561074033835,33.83516995188577
1160,2012,49508,40101,25777,8779,19624.0,2494.0,5773.0,1895.0,2926.0,49094.0,656.0,135100.0,Kent,62578.31027814315,836.1789942245878,172206.9849386308,21.892222139098774,64.2801925139024,6.219296276900826,50.684219643166465,32.825220855707606
1161,2013,49508,40609,26275,9413,19721.0,2449.0,5598.0,1895.0,2941.0,48616.0,657.0,130700.0,Kent,61074.427812858165,825.3640586030898,164193.42840094955,23.17959073111872,64.70240587061981,6.030682853554631,52.53662022150768,33.85137549124687
1162,2020,49508,40409,22860,10326,19835.0,824.0,4614.0,1620.0,2574.0,57515.0,858.0,168100.0,Kent,65036.07777490138,970.198291417289,190081.9729455085,25.553713281694673,56.57155584152045,2.0391496943750154,55.78673602080624,35.110533159947984
1163,2018,49508,40830,24270,9906,20378.0,1126.0,4114.0,1666.0,1712.0,55580.0,767.0,148700.0,Kent,64776.230451560485,893.9073183941506,173303.80475255565,24.26157237325496,59.44158706833211,2.757776144991428,41.614000972289745,40.49586776859504
1164,2014,49508,41389,26289,9083,20567.0,1987.0,5305.0,1821.0,2496.0,51003.0,669.0,129000.0,Kent,63050.3301779197,827.023329785077,159470.8662814274,21.945444441759886,63.516876464761175,4.80079248109401,47.049952874646564,34.326107445805846
1165,2011,49508,39589,25728,8448,19385.0,2271.0,5532.0,1949.0,2646.0,48646.0,641.0,139700.0,Kent,63290.47043865226,833.9676756809623,181755.51371705212,21.33926090580717,64.98774912223092,5.736441940943191,47.83080260303688,35.23138105567607
1166,2016,49508,41139,25224,9724,20380.0,1760.0,5453.0,1651.0,2431.0,53237.0,713.0,134700.0,Kent,64915.08262259017,869.4038715537463,164247.82818834452,23.636938185177083,61.31408152847663,4.278178857045626,44.580964606638545,30.27691179167431
1167,2015,49508,41613,25040,10321,20446.0,2220.0,5623.0,1466.0,2899.0,52748.0,679.0,130900.0,Kent,65130.20559706687,838.3902631456815,161627.8136167448,24.80234542090212,60.17350347247255,5.334871314252757,51.5561088386982,26.07149208607505
1168,2019,49508,39571,23500,9847,19631.0,985.0,4070.0,1555.0,1822.0,57404.0,814.0,157800.0,Kent,65711.35396253572,931.7999116003082,180636.39563947,24.884385029440754,59.386924768138286,2.4891966338985623,44.766584766584764,38.20638820638821
1169,2017,49508,41215,25364,9626,20184.0,1396.0,4418.0,1861.0,1721.0,54994.0,756.0,141500.0,Kent,65658.73478296344,902.60762075718,168940.44753590075,23.35557442678636,61.54070120101905,3.387116341137935,38.95427795382526,42.123132639203256
1170,2020,49509,28946,19321,2896,14452.0,751.0,4483.0,2091.0,815.0,51463.0,724.0,126300.0,Kent,58192.674441967305,818.675481335801,142815.90233799955,10.004836592275272,66.74842810751053,2.594486284806191,18.179790318982825,46.642873076065136
1171,2015,49509,26150,20361,1588,12906.0,1286.0,4766.0,3675.0,397.0,41193.0,612.0,87000.0,Kent,50862.75421172321,755.6625052211444,107422.61103633916,6.072657743785851,77.8623326959847,4.917782026768642,8.329836340746958,77.10868652958456
1172,2017,49509,27390,19563,2216,13586.0,937.0,5310.0,3491.0,396.0,43629.0,646.0,94600.0,Kent,52089.77233599869,771.2758240861617,112945.3451370757,8.090543994158452,71.42387732749178,3.4209565534866737,7.457627118644068,65.74387947269304
1173,2011,49509,26232,19523,1893,12423.0,1873.0,4795.0,2910.0,1064.0,41648.0,564.0,104300.0,Kent,54185.7812117952,733.7874712699887,135698.64052031882,7.216376944190301,74.42436718511742,7.140134187252212,22.18978102189781,60.68821689259646
1174,2014,49509,26186,21091,1478,12851.0,1707.0,5706.0,4372.0,497.0,42211.0,605.0,88300.0,Kent,52181.58710546769,747.9060007772371,109157.18986550416,5.644237378752004,80.54303826472162,6.5187504773543115,8.710129688047669,76.621100595864
1175,2013,49509,26466,20814,1883,12906.0,1922.0,5601.0,4124.0,945.0,42181.0,587.0,91100.0,Kent,52990.38258133475,737.4257266362462,114445.45774542082,7.1147887856117284,78.64429834504647,7.262147661150155,16.87198714515265,73.62970898053919
1176,2018,49509,27786,19458,2167,13693.0,774.0,4598.0,2669.0,441.0,45645.0,671.0,99600.0,Kent,53197.3918488931,782.0232211766298,116079.75086317783,7.7988915281076805,70.02807169077953,2.7855754696609805,9.59112657677251,58.046976946498475
1177,2019,49509,28323,19158,2601,13973.0,773.0,4406.0,2571.0,557.0,49795.0,693.0,111200.0,Kent,57001.19975201148,793.289113929992,127292.56777635658,9.183349221480777,67.64113970977651,2.7292306605938634,12.641852019972767,58.35224693599636
1178,2016,49509,26495,19886,2007,13241.0,967.0,5578.0,3972.0,504.0,40800.0,622.0,90400.0,Kent,49749.89896128029,758.4420871057927,110230.16828675829,7.575014153613889,75.05567088129835,3.649745234949991,9.035496593761206,71.2083183936895
1179,2012,49509,26074,19900,1966,12470.0,1868.0,5711.0,3669.0,1145.0,39955.0,574.0,97900.0,Kent,50929.16419854177,731.6566199465142,124789.51758321207,7.540078238858633,76.321239548976,7.164224898366188,20.049028191209946,64.24444055331816
1180,2012,49512,15377,10799,2238,8428.0,721.0,1708.0,777.0,426.0,44219.0,668.0,157800.0,Kent,56364.32766100159,851.474951436013,201141.83733024375,14.554204331143916,70.22826299018014,4.688820966378357,24.94145199063232,45.49180327868852
1181,2015,49512,16853,11013,3623,9197.0,589.0,1966.0,1028.0,695.0,46451.0,712.0,152900.0,Kent,57355.03109481598,879.136770780155,188792.15203972708,21.497656203643267,65.34741589034593,3.494926719278467,35.35096642929807,52.28891149542218
1182,2019,49512,18170,11375,5162,10109.0,147.0,1517.0,496.0,990.0,53017.0,801.0,200400.0,Kent,60689.47900898469,916.91858623077,229401.35415811025,28.409466152999453,62.60319207484866,0.8090258668134287,65.26038233355307,32.696110744891236
1183,2020,49512,18464,12041,4902,10288.0,371.0,1220.0,490.0,700.0,53305.0,852.0,211300.0,Kent,60275.54769696806,963.4136879808044,238931.1176881972,26.54896013864818,65.21338821490468,2.009315424610052,57.377049180327866,40.16393442622951
1184,2018,49512,16926,10823,4574,9583.0,282.0,1577.0,759.0,714.0,50216.0,788.0,183000.0,Kent,58524.70651953151,918.3819646604832,213279.06032089904,27.02351412028831,63.94304620111072,1.6660758596242466,45.275840202916925,48.129359543436905
1185,2016,49512,17117,11110,4017,9074.0,416.0,1887.0,1035.0,633.0,45547.0,741.0,161000.0,Kent,55538.20215660376,903.5459590761936,196317.0032540717,23.467897411929663,64.90623356896651,2.430332418063913,33.54531001589825,54.8489666136725
1186,2011,49512,14981,10466,1970,8427.0,625.0,2086.0,1078.0,286.0,47669.0,656.0,165600.0,Kent,62019.35278008704,853.4832999168664,215452.49156437968,13.149989987317268,69.86182497830585,4.171951138108271,13.7104506232023,51.67785234899329
1187,2014,49512,16331,10769,3232,8812.0,693.0,2070.0,1060.0,544.0,45475.0,710.0,149000.0,Kent,56216.57088486753,877.7078686807245,184195.03159637735,19.790582328087687,65.94207335741841,4.243463351907415,26.28019323671498,51.20772946859904
1188,2017,49512,16976,11219,3714,9449.0,320.0,1884.0,1038.0,618.0,47914.0,773.0,170600.0,Kent,57205.74277904699,922.9043529699736,203683.6773825065,21.87794533459001,66.08741753063147,1.8850141376060319,32.802547770700635,55.095541401273884
1189,2013,49512,16269,11455,2481,8733.0,793.0,1877.0,1057.0,371.0,46191.0,688.0,154900.0,Kent,58027.99274114965,864.3081770455491,194594.9660237726,15.24986170016596,70.40998217468805,4.874300817505685,19.76558337773042,56.31326584976025
1190,2017,49519,28473,22098,2381,15897.0,889.0,3370.0,1769.0,821.0,51509.0,718.0,122700.0,Kent,61497.90467934072,857.2384546344647,146494.64955939946,8.362308151582202,77.61036771678432,3.122256172514312,24.362017804154306,52.49258160237389
1191,2016,49519,29051,23080,2245,16034.0,1022.0,3803.0,1905.0,923.0,50186.0,681.0,117100.0,Kent,61194.81444291207,830.3843429566638,142787.08745994908,7.727789060617535,79.44649065436647,3.5179511892878037,24.270312910859847,50.0920326058375
1192,2014,49519,28416,24245,1437,15217.0,1227.0,4088.0,2541.0,633.0,47197.0,645.0,111600.0,Kent,58345.32151848472,797.354331407137,137960.84245742092,5.057010135135135,85.32164977477478,4.317989864864865,15.484344422700588,62.15753424657534
1193,2019,49519,28836,21472,2335,16050.0,851.0,2679.0,1652.0,583.0,54394.0,815.0,141300.0,Kent,62265.7547808196,932.9446289364264,161748.55959351783,8.09751699264808,74.46247745873215,2.9511721459287004,21.761851437103395,61.664800298618886
1194,2018,49519,28924,21595,2273,16110.0,870.0,2742.0,1730.0,575.0,52368.0,761.0,130800.0,Kent,61032.7750321576,886.9145623180556,152442.08245887212,7.858525791730051,74.66118102613747,3.007882727147006,20.97009482129832,63.09263311451495
1195,2015,49519,29141,24185,1718,16018.0,1086.0,3806.0,2028.0,817.0,47886.0,658.0,114300.0,Kent,59126.886805587776,812.4606673782893,141131.08553394902,5.895473731169143,82.99303386980543,3.7267080745341614,21.466106148187073,53.28428796636889
1196,2011,49519,26964,22043,1654,14012.0,1314.0,3791.0,2363.0,518.0,44688.0,638.0,121400.0,Kent,58140.94772360506,830.0645508337816,157946.45214924935,6.134104732235573,81.74974039460021,4.873164218958611,13.663940912687945,62.33183856502242
1197,2020,49519,28262,20909,2602,15809.0,891.0,3143.0,1835.0,853.0,58188.0,856.0,145600.0,Kent,65797.08412702705,967.9367569384608,164639.71005869147,9.206708654730734,73.98273299837237,3.152643125044229,27.139675469296847,58.3837098313713
1198,2013,49519,28019,24181,1255,14754.0,1499.0,4131.0,2610.0,591.0,44291.0,642.0,113600.0,Kent,55641.09515919247,806.5201303244804,142711.35016333486,4.47910346550555,86.30215211106749,5.3499411113887,14.306463326071169,63.18082788671025
1199,2012,49519,27888,23209,1678,14539.0,1349.0,4105.0,2420.0,572.0,43818.0,648.0,117400.0,Kent,55853.187757519794,825.9816894169708,149645.44805177837,6.0169248422260475,83.22217441193345,4.837205966724039,13.934226552984166,58.95249695493301
1200,2019,49525,30019,26886,1080,16071.0,557.0,2363.0,1478.0,474.0,70666.0,881.0,195500.0,Kent,80892.59527413681,1008.4959731202352,223792.2392111305,3.597721443086045,89.56327659149206,1.855491522036044,20.059246720270842,62.547608971646206
1201,2018,49525,29439,26386,1014,15497.0,598.0,2640.0,1753.0,415.0,68695.0,809.0,180300.0,Kent,80061.22977455825,942.856610926816,210132.32008665623,3.444410475899317,89.62940317266211,2.0313189986072895,15.719696969696969,66.40151515151516
1202,2012,49525,27113,24759,704,13631.0,1031.0,2074.0,1744.0,143.0,55652.0,624.0,157300.0,Kent,70937.55089418712,795.38977499412,200504.50577976773,2.596540404971785,91.31781802087559,3.802603916940213,6.8948891031822575,84.08871745419479
1203,2011,49525,26553,24617,493,13637.0,843.0,1844.0,1693.0,58.0,57473.0,626.0,161300.0,Kent,74774.76478067387,814.4520514450584,209858.01261675384,1.8566640304297066,92.70892177908334,3.1747825104507967,3.14533622559653,91.81127982646422
1204,2013,49525,27483,25116,835,13515.0,1132.0,2215.0,1817.0,225.0,56890.0,642.0,156600.0,Kent,71468.73865133908,806.5201303244804,196730.6112286817,3.038241822217371,91.38740312192992,4.118909871556962,10.15801354401806,82.0316027088036
1205,2014,49525,28007,25713,912,13686.0,1146.0,2435.0,2002.0,324.0,58333.0,659.0,157600.0,Kent,72111.73676584888,814.661247127602,194826.42268180588,3.2563287749491203,91.80919055950298,4.091834184311065,13.305954825462013,82.217659137577
1206,2017,49525,29448,26267,1172,14911.0,761.0,2511.0,1725.0,366.0,64566.0,760.0,171400.0,Kent,77086.98894419058,907.383322454308,204638.81772193208,3.9798967671828307,89.19790817712578,2.5842162455854387,14.575866188769416,68.69772998805257
1207,2020,49525,30205,26961,826,16116.0,935.0,1814.0,1257.0,84.0,72632.0,998.0,217200.0,Kent,82129.88613312416,1128.5057049352615,245602.6444007403,2.7346465816917727,89.26005628207251,3.0955139877503726,4.630650496141125,69.29437706725469
1208,2016,49525,29326,26466,1114,14421.0,888.0,2784.0,1976.0,492.0,60342.0,726.0,162300.0,Kent,73578.63733141116,885.255555046311,197902.1716033282,3.7986769419627633,90.24756189047261,3.028029734706404,17.67241379310345,70.97701149425288
1209,2015,49525,28975,26056,959,14277.0,984.0,2662.0,2063.0,279.0,58918.0,681.0,159600.0,Kent,72748.56778205783,840.8597484568618,197064.9278321808,3.3097497842968076,89.9257981018119,3.3960310612597064,10.48084147257701,77.49812171299774
1210,2017,49534,21677,19857,354,11644.0,533.0,2170.0,1774.0,48.0,60867.0,723.0,165000.0,Kent,72670.65879977153,863.2080817558746,196997.69500652736,1.6330673063615815,91.60400424412973,2.4588273285048667,2.2119815668202767,81.75115207373271
1211,2014,49534,21697,20244,235,11344.0,794.0,2462.0,1985.0,71.0,58699.0,700.0,152200.0,Kent,72564.18899111246,865.3457860232494,188150.89804676935,1.083099045951053,93.30322164354519,3.6594920956814305,2.883834281072299,80.62550771730301
1212,2018,49534,21804,19989,445,11853.0,452.0,1755.0,1416.0,80.0,64806.0,781.0,173800.0,Kent,75528.75837790265,910.2237492383724,202556.83433755327,2.0409099247844433,91.6758392955421,2.0730141258484682,4.5584045584045585,80.68376068376068
1213,2013,49534,21528,20324,215,11218.0,987.0,2164.0,1845.0,58.0,58125.0,684.0,155500.0,Kent,73020.22207961127,859.2831295045867,195348.72315491695,0.9986993682645856,94.40728353771833,4.584726867335563,2.6802218114602585,85.25878003696857
1214,2011,49534,21856,20680,207,11365.0,996.0,1912.0,1659.0,39.0,59938.0,678.0,161500.0,Kent,77981.83236344074,882.1062154628587,210118.22093989924,0.9471083455344069,94.61932650073206,4.55710102489019,2.0397489539748954,86.76778242677824
1215,2015,49534,21172,19521,237,11353.0,712.0,2463.0,2036.0,85.0,57254.0,688.0,152200.0,Kent,70693.9560031559,849.5029470459924,187927.832180814,1.1194029850746268,92.20196485924806,3.362932174570187,3.4510759236703206,82.6634185952091
1216,2020,49534,22206,20323,371,11968.0,430.0,1134.0,911.0,51.0,67074.0,839.0,207300.0,Kent,75845.08181646066,948.7137138684212,234408.0487305408,1.6707196253264882,91.5203098261731,1.936413581914798,4.497354497354497,80.33509700176367
1217,2012,49534,21777,20649,180,11279.0,972.0,1999.0,1753.0,41.0,59231.0,685.0,158300.0,Kent,75499.57013249476,873.1442241521991,201779.16888071987,0.8265601322496211,94.82022317123571,4.463424714147955,2.051025512756378,87.69384692346172
1218,2019,49534,21952,20352,366,11913.0,384.0,1361.0,1182.0,43.0,65923.0,838.0,188200.0,Kent,75463.20094892765,959.2731276671476,215435.8026574668,1.6672740524781342,92.71137026239067,1.749271137026239,3.159441587068332,86.84790595150625
1219,2016,49534,21349,19773,259,11330.0,514.0,2151.0,1778.0,44.0,59270.0,683.0,156600.0,Kent,72271.48312340889,832.8230634939814,190951.81807197287,1.2131715771230502,92.61792121410839,2.4076069136727716,2.0455602045560206,82.65922826592282
1220,2013,49544,8853,7668,638,4513.0,462.0,1210.0,786.0,313.0,45773.0,642.0,125500.0,Kent,57502.87527311908,806.5201303244804,157660.8665976983,7.20659663390941,86.61470687902406,5.218569976279228,25.867768595041323,64.95867768595042
1221,2016,49544,9586,8520,418,5327.0,174.0,1097.0,841.0,113.0,49444.0,679.0,134400.0,Kent,60290.04912356722,827.945622419346,163882.02010774685,4.360525766743168,88.87961610682244,1.815147089505529,10.300820419325433,76.66362807657246
1222,2018,49544,10239,9017,492,5694.0,102.0,1163.0,822.0,206.0,55486.0,775.0,154900.0,Kent,64666.67727303499,903.2309931622772,180529.65269785383,4.805156753589217,88.06524074616662,0.9961910342806914,17.7128116938951,70.6792777300086
1223,2019,49544,10341,9003,497,5791.0,89.0,1221.0,878.0,233.0,61577.0,806.0,166300.0,Kent,70488.25940615746,922.6421729113616,190366.4929964757,4.806111594623344,87.06121264868001,0.8606517744898946,19.082719082719084,71.9082719082719
1224,2012,49544,8781,7824,381,4392.0,499.0,1314.0,891.0,279.0,44308.0,623.0,133600.0,Kent,56477.77267698633,794.1151118931679,170294.99028720264,4.33891356337547,89.10146908097028,5.6827240633185285,21.232876712328768,67.8082191780822
1225,2017,49544,9960,8766,563,5540.0,116.0,1039.0,772.0,140.0,51206.0,733.0,144500.0,Kent,61136.14527578328,875.1473359986944,172522.2238087467,5.652610441767068,88.01204819277109,1.1646586345381527,13.474494706448509,74.3022136669875
1226,2020,49544,10181,8482,413,5763.0,78.0,1079.0,790.0,186.0,57372.0,822.0,186500.0,Kent,64874.37805966517,929.4906707983818,210888.09015072772,4.0565759748551224,83.3120518613103,0.766132992829781,17.238183503243746,73.2159406858202
1227,2011,49544,8510,7421,403,4122.0,518.0,1326.0,935.0,251.0,44972.0,626.0,140700.0,Kent,58510.44354247151,814.4520514450584,183056.55533277907,4.735605170387779,87.2032902467685,6.086956521739131,18.929110105580694,70.51282051282051
1228,2015,49544,9232,8095,649,4916.0,263.0,1432.0,932.0,351.0,47661.0,666.0,133200.0,Kent,58849.06970808,822.3386086230101,164467.72172460204,7.0298960138648185,87.68414211438474,2.848786828422877,24.511173184357542,65.08379888268156
1229,2014,49544,8828,7790,589,4584.0,360.0,1395.0,976.0,291.0,45271.0,648.0,123500.0,Kent,55964.38439865504,801.0629562043795,152671.72081981617,6.671952877208881,88.24195740824649,4.077933846850929,20.86021505376344,69.96415770609319
1230,2015,49546,33337,28026,2805,15679.0,1343.0,2797.0,1731.0,817.0,73240.0,750.0,226100.0,Kent,90432.55209541932,926.0569916925788,279175.3144289228,8.4140744518103,84.06875243723191,4.028556858745538,29.209867715409366,61.887736860922416
1231,2016,49546,33178,27533,2635,15614.0,1038.0,2992.0,1864.0,719.0,72002.0,784.0,236800.0,Kent,87796.37806397313,955.9784506285232,288744.5116184111,7.942009765507264,82.98571342455844,3.128579178974019,24.030748663101605,62.299465240641716
1232,2018,49546,34517,28142,3008,16423.0,970.0,3032.0,1885.0,689.0,73079.0,874.0,265700.0,Kent,85170.6035474917,1018.6114684178456,309662.5482364092,8.714546455369817,81.53083987600313,2.8102094620042295,22.724274406332455,62.17018469656992
1233,2013,49546,31140,26423,2373,14340.0,1476.0,3286.0,1761.0,887.0,67412.0,686.0,215100.0,Kent,84687.12620784093,861.7956532750679,270221.9315152581,7.620423892100192,84.85228002569043,4.7398843930635834,26.993304930006083,53.59099208764455
1234,2019,49546,34111,27350,3277,15953.0,944.0,2938.0,1750.0,708.0,72283.0,920.0,285600.0,Kent,82743.60320664014,1053.1399492288494,326931.2711953906,9.606871683621119,80.17941426519305,2.767435724546334,24.098025867937373,59.5643294758339
1235,2020,49546,33968,27648,2904,16011.0,729.0,2583.0,1595.0,568.0,79581.0,988.0,289600.0,Kent,89987.58767981267,1117.1980325411207,327470.1925343204,8.549222797927461,81.3942534149788,2.1461375412152615,21.989934185056136,61.74990321331785
1236,2011,49546,32195,27089,2594,14584.0,1528.0,3218.0,1651.0,916.0,63560.0,662.0,210700.0,Kent,82694.20509560368,861.2895496112279,274129.46843366424,8.057151731635347,84.14039447119119,4.746078583630998,28.46488502175264,51.30515848353014
1237,2014,49546,32102,27367,2240,14810.0,1353.0,3071.0,1793.0,757.0,71835.0,702.0,218600.0,Kent,88803.02076997161,867.8182025547444,270235.1268924033,6.977758395115568,85.25014017818205,4.214690673478287,24.649951155975252,58.3848909150114
1238,2017,49546,33737,27694,3144,16144.0,935.0,2846.0,1756.0,726.0,73194.0,836.0,250700.0,Kent,87388.17750489555,998.1216546997388,299317.10386749345,9.319145152206776,82.08791534516999,2.7714378871861753,25.50948699929726,61.70063246661982
1239,2012,49546,31145,26102,2673,13997.0,1406.0,3401.0,1770.0,898.0,63000.0,675.0,210700.0,Kent,80303.77535998328,860.3975931426778,268571.5153706107,8.582436988280623,83.8079948627388,4.514368277412105,26.40399882387533,52.04351661276095
1240,2018,49548,33303,23837,3633,17019.0,897.0,6401.0,4149.0,826.0,48314.0,724.0,89500.0,Kent,56308.00284340938,843.7925665154694,104308.61146841785,10.90892712368255,71.5761342821968,2.6934510404468064,12.904233713482268,64.81799718793938
1241,2011,49548,30448,23199,2827,13821.0,1919.0,6120.0,3985.0,1098.0,41212.0,610.0,96300.0,Kent,53618.527067338255,793.6353855934275,125290.3075945034,9.284682080924856,76.19219653179191,6.302548607461903,17.941176470588236,65.11437908496733
1242,2013,49548,29775,22618,2971,13752.0,1884.0,6234.0,3944.0,1100.0,39210.0,627.0,82900.0,Kent,49258.02852028485,787.676202045871,104144.1102864477,9.978169605373635,75.9630562552477,6.327455919395467,17.645171639396857,63.2659608598011
1243,2019,49548,33613,24223,3469,17911.0,683.0,5218.0,3493.0,663.0,50787.0,756.0,99800.0,Kent,58136.75934944085,865.4063061054459,114242.7901446078,10.320411745455628,72.06437985303306,2.0319519233629846,12.706017631276351,66.9413568417018
1244,2014,49548,30052,22548,2853,14248.0,1750.0,5969.0,3722.0,862.0,39136.0,630.0,79900.0,Kent,48380.24668829413,778.8112074209246,98773.04043322518,9.493544522827099,75.02994808997737,5.8232397178224415,14.44127994638968,62.35550343441112
1245,2017,49548,32694,23495,3522,16310.0,963.0,6656.0,4210.0,932.0,45534.0,695.0,82200.0,Kent,54364.200269255874,829.778169875979,98140.66987597907,10.772618829142962,71.86333883893069,2.9454945861625985,14.002403846153847,63.25120192307693
1246,2012,49548,30155,23134,3109,13743.0,1895.0,6416.0,4296.0,1162.0,39926.0,622.0,89700.0,Kent,50892.19896861416,792.8404487922157,114337.28015540476,10.310064665892888,76.71696236113415,6.284198308738185,18.110972568578553,66.9576059850374
1247,2015,49548,30234,22081,3032,14715.0,1308.0,6056.0,3203.0,996.0,40895.0,648.0,78800.0,Kent,50494.80090035736,800.1132408223882,97297.72126050029,10.028444797248131,73.03367070185884,4.326255209366938,16.44649933949802,52.88969616908851
1248,2020,49548,33608,23289,3177,17354.0,722.0,5203.0,3357.0,749.0,50763.0,768.0,106800.0,Kent,57401.13737437744,868.429239870021,120765.94116942478,9.453106403237324,69.29600095215424,2.1482980242799337,14.395541034018835,64.52046896021525
1249,2016,49548,31938,23352,3422,15880.0,1157.0,6463.0,3915.0,896.0,43343.0,664.0,80200.0,Kent,52850.7321244797,809.6552183894636,97792.6935464382,10.714509361888659,73.11666353560022,3.6226438725029744,13.863530868017948,60.57558409407397
